product_id,material_id,material_qty,focus_cost
T2_ARMOR_CLOTH_SET1,T2_CLOTH,16.0,0.0
T3_ARMOR_CLOTH_SET1,T3_CLOTH,16.0,0.0
T4_ARMOR_CLOTH_SET1,T4_CLOTH,16.0,0.0
T4_ARMOR_CLOTH_SET1@1,T4_CLOTH_LEVEL1@1,16.0,0.0
T4_ARMOR_CLOTH_SET1@2,T4_CLOTH_LEVEL2@2,16.0,0.0
T4_ARMOR_CLOTH_SET1@3,T4_CLOTH_LEVEL3@3,16.0,0.0
T4_ARMOR_CLOTH_SET1@4,T4_CLOTH_LEVEL4@4,16.0,0.0
T5_ARMOR_CLOTH_SET1,T5_CLOTH,16.0,0.0
T5_ARMOR_CLOTH_SET1@1,T5_CLOTH_LEVEL1@1,16.0,0.0
T5_ARMOR_CLOTH_SET1@2,T5_CLOTH_LEVEL2@2,16.0,0.0
T5_ARMOR_CLOTH_SET1@3,T5_CLOTH_LEVEL3@3,16.0,0.0
T5_ARMOR_CLOTH_SET1@4,T5_CLOTH_LEVEL4@4,16.0,0.0
T6_ARMOR_CLOTH_SET1,T6_CLOTH,16.0,0.0
T6_ARMOR_CLOTH_SET1@1,T6_CLOTH_LEVEL1@1,16.0,0.0
T6_ARMOR_CLOTH_SET1@2,T6_CLOTH_LEVEL2@2,16.0,0.0
T6_ARMOR_CLOTH_SET1@3,T6_CLOTH_LEVEL3@3,16.0,0.0
T6_ARMOR_CLOTH_SET1@4,T6_CLOTH_LEVEL4@4,16.0,0.0
T7_ARMOR_CLOTH_SET1,T7_CLOTH,16.0,0.0
T7_ARMOR_CLOTH_SET1@1,T7_CLOTH_LEVEL1@1,16.0,0.0
T7_ARMOR_CLOTH_SET1@2,T7_CLOTH_LEVEL2@2,16.0,0.0
T7_ARMOR_CLOTH_SET1@3,T7_CLOTH_LEVEL3@3,16.0,0.0
T7_ARMOR_CLOTH_SET1@4,T7_CLOTH_LEVEL4@4,16.0,0.0
T8_ARMOR_CLOTH_SET1,T8_CLOTH,16.0,0.0
T8_ARMOR_CLOTH_SET1@1,T8_CLOTH_LEVEL1@1,16.0,0.0
T8_ARMOR_CLOTH_SET1@2,T8_CLOTH_LEVEL2@2,16.0,0.0
T8_ARMOR_CLOTH_SET1@3,T8_CLOTH_LEVEL3@3,16.0,0.0
T8_ARMOR_CLOTH_SET1@4,T8_CLOTH_LEVEL4@4,16.0,0.0
T4_ARMOR_CLOTH_SET2,T4_CLOTH,16.0,0.0
T4_ARMOR_CLOTH_SET2@1,T4_CLOTH_LEVEL1@1,16.0,0.0
T4_ARMOR_CLOTH_SET2@2,T4_CLOTH_LEVEL2@2,16.0,0.0
T4_ARMOR_CLOTH_SET2@3,T4_CLOTH_LEVEL3@3,16.0,0.0
T4_ARMOR_CLOTH_SET2@4,T4_CLOTH_LEVEL4@4,16.0,0.0
T5_ARMOR_CLOTH_SET2,T5_CLOTH,16.0,0.0
T5_ARMOR_CLOTH_SET2@1,T5_CLOTH_LEVEL1@1,16.0,0.0
T5_ARMOR_CLOTH_SET2@2,T5_CLOTH_LEVEL2@2,16.0,0.0
T5_ARMOR_CLOTH_SET2@3,T5_CLOTH_LEVEL3@3,16.0,0.0
T5_ARMOR_CLOTH_SET2@4,T5_CLOTH_LEVEL4@4,16.0,0.0
T6_ARMOR_CLOTH_SET2,T6_CLOTH,16.0,0.0
T6_ARMOR_CLOTH_SET2@1,T6_CLOTH_LEVEL1@1,16.0,0.0
T6_ARMOR_CLOTH_SET2@2,T6_CLOTH_LEVEL2@2,16.0,0.0
T6_ARMOR_CLOTH_SET2@3,T6_CLOTH_LEVEL3@3,16.0,0.0
T6_ARMOR_CLOTH_SET2@4,T6_CLOTH_LEVEL4@4,16.0,0.0
T7_ARMOR_CLOTH_SET2,T7_CLOTH,16.0,0.0
T7_ARMOR_CLOTH_SET2@1,T7_CLOTH_LEVEL1@1,16.0,0.0
T7_ARMOR_CLOTH_SET2@2,T7_CLOTH_LEVEL2@2,16.0,0.0
T7_ARMOR_CLOTH_SET2@3,T7_CLOTH_LEVEL3@3,16.0,0.0
T7_ARMOR_CLOTH_SET2@4,T7_CLOTH_LEVEL4@4,16.0,0.0
T8_ARMOR_CLOTH_SET2,T8_CLOTH,16.0,0.0
T8_ARMOR_CLOTH_SET2@1,T8_CLOTH_LEVEL1@1,16.0,0.0
T8_ARMOR_CLOTH_SET2@2,T8_CLOTH_LEVEL2@2,16.0,0.0
T8_ARMOR_CLOTH_SET2@3,T8_CLOTH_LEVEL3@3,16.0,0.0
T8_ARMOR_CLOTH_SET2@4,T8_CLOTH_LEVEL4@4,16.0,0.0
T4_ARMOR_CLOTH_SET3,T4_CLOTH,16.0,0.0
T4_ARMOR_CLOTH_SET3@1,T4_CLOTH_LEVEL1@1,16.0,0.0
T4_ARMOR_CLOTH_SET3@2,T4_CLOTH_LEVEL2@2,16.0,0.0
T4_ARMOR_CLOTH_SET3@3,T4_CLOTH_LEVEL3@3,16.0,0.0
T4_ARMOR_CLOTH_SET3@4,T4_CLOTH_LEVEL4@4,16.0,0.0
T5_ARMOR_CLOTH_SET3,T5_CLOTH,16.0,0.0
T5_ARMOR_CLOTH_SET3@1,T5_CLOTH_LEVEL1@1,16.0,0.0
T5_ARMOR_CLOTH_SET3@2,T5_CLOTH_LEVEL2@2,16.0,0.0
T5_ARMOR_CLOTH_SET3@3,T5_CLOTH_LEVEL3@3,16.0,0.0
T5_ARMOR_CLOTH_SET3@4,T5_CLOTH_LEVEL4@4,16.0,0.0
T6_ARMOR_CLOTH_SET3,T6_CLOTH,16.0,0.0
T6_ARMOR_CLOTH_SET3@1,T6_CLOTH_LEVEL1@1,16.0,0.0
T6_ARMOR_CLOTH_SET3@2,T6_CLOTH_LEVEL2@2,16.0,0.0
T6_ARMOR_CLOTH_SET3@3,T6_CLOTH_LEVEL3@3,16.0,0.0
T6_ARMOR_CLOTH_SET3@4,T6_CLOTH_LEVEL4@4,16.0,0.0
T7_ARMOR_CLOTH_SET3,T7_CLOTH,16.0,0.0
T7_ARMOR_CLOTH_SET3@1,T7_CLOTH_LEVEL1@1,16.0,0.0
T7_ARMOR_CLOTH_SET3@2,T7_CLOTH_LEVEL2@2,16.0,0.0
T7_ARMOR_CLOTH_SET3@3,T7_CLOTH_LEVEL3@3,16.0,0.0
T7_ARMOR_CLOTH_SET3@4,T7_CLOTH_LEVEL4@4,16.0,0.0
T8_ARMOR_CLOTH_SET3,T8_CLOTH,16.0,0.0
T8_ARMOR_CLOTH_SET3@1,T8_CLOTH_LEVEL1@1,16.0,0.0
T8_ARMOR_CLOTH_SET3@2,T8_CLOTH_LEVEL2@2,16.0,0.0
T8_ARMOR_CLOTH_SET3@3,T8_CLOTH_LEVEL3@3,16.0,0.0
T8_ARMOR_CLOTH_SET3@4,T8_CLOTH_LEVEL4@4,16.0,0.0
T4_ARMOR_CLOTH_KEEPER,T4_CLOTH,16.0,0.0
T4_ARMOR_CLOTH_KEEPER,T4_ARTEFACT_ARMOR_CLOTH_KEEPER,1.0,0.0
T4_ARMOR_CLOTH_KEEPER@1,T4_CLOTH_LEVEL1@1,16.0,0.0
T4_ARMOR_CLOTH_KEEPER@1,T4_ARTEFACT_ARMOR_CLOTH_KEEPER,1.0,0.0
T4_ARMOR_CLOTH_KEEPER@2,T4_CLOTH_LEVEL2@2,16.0,0.0
T4_ARMOR_CLOTH_KEEPER@2,T4_ARTEFACT_ARMOR_CLOTH_KEEPER,1.0,0.0
T4_ARMOR_CLOTH_KEEPER@3,T4_CLOTH_LEVEL3@3,16.0,0.0
T4_ARMOR_CLOTH_KEEPER@3,T4_ARTEFACT_ARMOR_CLOTH_KEEPER,1.0,0.0
T4_ARMOR_CLOTH_KEEPER@4,T4_CLOTH_LEVEL4@4,16.0,0.0
T4_ARMOR_CLOTH_KEEPER@4,T4_ARTEFACT_ARMOR_CLOTH_KEEPER,1.0,0.0
T5_ARMOR_CLOTH_KEEPER,T5_CLOTH,16.0,0.0
T5_ARMOR_CLOTH_KEEPER,T5_ARTEFACT_ARMOR_CLOTH_KEEPER,1.0,0.0
T5_ARMOR_CLOTH_KEEPER@1,T5_CLOTH_LEVEL1@1,16.0,0.0
T5_ARMOR_CLOTH_KEEPER@1,T5_ARTEFACT_ARMOR_CLOTH_KEEPER,1.0,0.0
T5_ARMOR_CLOTH_KEEPER@2,T5_CLOTH_LEVEL2@2,16.0,0.0
T5_ARMOR_CLOTH_KEEPER@2,T5_ARTEFACT_ARMOR_CLOTH_KEEPER,1.0,0.0
T5_ARMOR_CLOTH_KEEPER@3,T5_CLOTH_LEVEL3@3,16.0,0.0
T5_ARMOR_CLOTH_KEEPER@3,T5_ARTEFACT_ARMOR_CLOTH_KEEPER,1.0,0.0
T5_ARMOR_CLOTH_KEEPER@4,T5_CLOTH_LEVEL4@4,16.0,0.0
T5_ARMOR_CLOTH_KEEPER@4,T5_ARTEFACT_ARMOR_CLOTH_KEEPER,1.0,0.0
T6_ARMOR_CLOTH_KEEPER,T6_CLOTH,16.0,0.0
T6_ARMOR_CLOTH_KEEPER,T6_ARTEFACT_ARMOR_CLOTH_KEEPER,1.0,0.0
T6_ARMOR_CLOTH_KEEPER@1,T6_CLOTH_LEVEL1@1,16.0,0.0
T6_ARMOR_CLOTH_KEEPER@1,T6_ARTEFACT_ARMOR_CLOTH_KEEPER,1.0,0.0
T6_ARMOR_CLOTH_KEEPER@2,T6_CLOTH_LEVEL2@2,16.0,0.0
T6_ARMOR_CLOTH_KEEPER@2,T6_ARTEFACT_ARMOR_CLOTH_KEEPER,1.0,0.0
T6_ARMOR_CLOTH_KEEPER@3,T6_CLOTH_LEVEL3@3,16.0,0.0
T6_ARMOR_CLOTH_KEEPER@3,T6_ARTEFACT_ARMOR_CLOTH_KEEPER,1.0,0.0
T6_ARMOR_CLOTH_KEEPER@4,T6_CLOTH_LEVEL4@4,16.0,0.0
T6_ARMOR_CLOTH_KEEPER@4,T6_ARTEFACT_ARMOR_CLOTH_KEEPER,1.0,0.0
T7_ARMOR_CLOTH_KEEPER,T7_CLOTH,16.0,0.0
T7_ARMOR_CLOTH_KEEPER,T7_ARTEFACT_ARMOR_CLOTH_KEEPER,1.0,0.0
T7_ARMOR_CLOTH_KEEPER@1,T7_CLOTH_LEVEL1@1,16.0,0.0
T7_ARMOR_CLOTH_KEEPER@1,T7_ARTEFACT_ARMOR_CLOTH_KEEPER,1.0,0.0
T7_ARMOR_CLOTH_KEEPER@2,T7_CLOTH_LEVEL2@2,16.0,0.0
T7_ARMOR_CLOTH_KEEPER@2,T7_ARTEFACT_ARMOR_CLOTH_KEEPER,1.0,0.0
T7_ARMOR_CLOTH_KEEPER@3,T7_CLOTH_LEVEL3@3,16.0,0.0
T7_ARMOR_CLOTH_KEEPER@3,T7_ARTEFACT_ARMOR_CLOTH_KEEPER,1.0,0.0
T7_ARMOR_CLOTH_KEEPER@4,T7_CLOTH_LEVEL4@4,16.0,0.0
T7_ARMOR_CLOTH_KEEPER@4,T7_ARTEFACT_ARMOR_CLOTH_KEEPER,1.0,0.0
T8_ARMOR_CLOTH_KEEPER,T8_CLOTH,16.0,0.0
T8_ARMOR_CLOTH_KEEPER,T8_ARTEFACT_ARMOR_CLOTH_KEEPER,1.0,0.0
T8_ARMOR_CLOTH_KEEPER@1,T8_CLOTH_LEVEL1@1,16.0,0.0
T8_ARMOR_CLOTH_KEEPER@1,T8_ARTEFACT_ARMOR_CLOTH_KEEPER,1.0,0.0
T8_ARMOR_CLOTH_KEEPER@2,T8_CLOTH_LEVEL2@2,16.0,0.0
T8_ARMOR_CLOTH_KEEPER@2,T8_ARTEFACT_ARMOR_CLOTH_KEEPER,1.0,0.0
T8_ARMOR_CLOTH_KEEPER@3,T8_CLOTH_LEVEL3@3,16.0,0.0
T8_ARMOR_CLOTH_KEEPER@3,T8_ARTEFACT_ARMOR_CLOTH_KEEPER,1.0,0.0
T8_ARMOR_CLOTH_KEEPER@4,T8_CLOTH_LEVEL4@4,16.0,0.0
T8_ARMOR_CLOTH_KEEPER@4,T8_ARTEFACT_ARMOR_CLOTH_KEEPER,1.0,0.0
T4_ARMOR_CLOTH_HELL,T4_CLOTH,16.0,0.0
T4_ARMOR_CLOTH_HELL,T4_ARTEFACT_ARMOR_CLOTH_HELL,1.0,0.0
T4_ARMOR_CLOTH_HELL@1,T4_CLOTH_LEVEL1@1,16.0,0.0
T4_ARMOR_CLOTH_HELL@1,T4_ARTEFACT_ARMOR_CLOTH_HELL,1.0,0.0
T4_ARMOR_CLOTH_HELL@2,T4_CLOTH_LEVEL2@2,16.0,0.0
T4_ARMOR_CLOTH_HELL@2,T4_ARTEFACT_ARMOR_CLOTH_HELL,1.0,0.0
T4_ARMOR_CLOTH_HELL@3,T4_CLOTH_LEVEL3@3,16.0,0.0
T4_ARMOR_CLOTH_HELL@3,T4_ARTEFACT_ARMOR_CLOTH_HELL,1.0,0.0
T4_ARMOR_CLOTH_HELL@4,T4_CLOTH_LEVEL4@4,16.0,0.0
T4_ARMOR_CLOTH_HELL@4,T4_ARTEFACT_ARMOR_CLOTH_HELL,1.0,0.0
T5_ARMOR_CLOTH_HELL,T5_CLOTH,16.0,0.0
T5_ARMOR_CLOTH_HELL,T5_ARTEFACT_ARMOR_CLOTH_HELL,1.0,0.0
T5_ARMOR_CLOTH_HELL@1,T5_CLOTH_LEVEL1@1,16.0,0.0
T5_ARMOR_CLOTH_HELL@1,T5_ARTEFACT_ARMOR_CLOTH_HELL,1.0,0.0
T5_ARMOR_CLOTH_HELL@2,T5_CLOTH_LEVEL2@2,16.0,0.0
T5_ARMOR_CLOTH_HELL@2,T5_ARTEFACT_ARMOR_CLOTH_HELL,1.0,0.0
T5_ARMOR_CLOTH_HELL@3,T5_CLOTH_LEVEL3@3,16.0,0.0
T5_ARMOR_CLOTH_HELL@3,T5_ARTEFACT_ARMOR_CLOTH_HELL,1.0,0.0
T5_ARMOR_CLOTH_HELL@4,T5_CLOTH_LEVEL4@4,16.0,0.0
T5_ARMOR_CLOTH_HELL@4,T5_ARTEFACT_ARMOR_CLOTH_HELL,1.0,0.0
T6_ARMOR_CLOTH_HELL,T6_CLOTH,16.0,0.0
T6_ARMOR_CLOTH_HELL,T6_ARTEFACT_ARMOR_CLOTH_HELL,1.0,0.0
T6_ARMOR_CLOTH_HELL@1,T6_CLOTH_LEVEL1@1,16.0,0.0
T6_ARMOR_CLOTH_HELL@1,T6_ARTEFACT_ARMOR_CLOTH_HELL,1.0,0.0
T6_ARMOR_CLOTH_HELL@2,T6_CLOTH_LEVEL2@2,16.0,0.0
T6_ARMOR_CLOTH_HELL@2,T6_ARTEFACT_ARMOR_CLOTH_HELL,1.0,0.0
T6_ARMOR_CLOTH_HELL@3,T6_CLOTH_LEVEL3@3,16.0,0.0
T6_ARMOR_CLOTH_HELL@3,T6_ARTEFACT_ARMOR_CLOTH_HELL,1.0,0.0
T6_ARMOR_CLOTH_HELL@4,T6_CLOTH_LEVEL4@4,16.0,0.0
T6_ARMOR_CLOTH_HELL@4,T6_ARTEFACT_ARMOR_CLOTH_HELL,1.0,0.0
T7_ARMOR_CLOTH_HELL,T7_CLOTH,16.0,0.0
T7_ARMOR_CLOTH_HELL,T7_ARTEFACT_ARMOR_CLOTH_HELL,1.0,0.0
T7_ARMOR_CLOTH_HELL@1,T7_CLOTH_LEVEL1@1,16.0,0.0
T7_ARMOR_CLOTH_HELL@1,T7_ARTEFACT_ARMOR_CLOTH_HELL,1.0,0.0
T7_ARMOR_CLOTH_HELL@2,T7_CLOTH_LEVEL2@2,16.0,0.0
T7_ARMOR_CLOTH_HELL@2,T7_ARTEFACT_ARMOR_CLOTH_HELL,1.0,0.0
T7_ARMOR_CLOTH_HELL@3,T7_CLOTH_LEVEL3@3,16.0,0.0
T7_ARMOR_CLOTH_HELL@3,T7_ARTEFACT_ARMOR_CLOTH_HELL,1.0,0.0
T7_ARMOR_CLOTH_HELL@4,T7_CLOTH_LEVEL4@4,16.0,0.0
T7_ARMOR_CLOTH_HELL@4,T7_ARTEFACT_ARMOR_CLOTH_HELL,1.0,0.0
T8_ARMOR_CLOTH_HELL,T8_CLOTH,16.0,0.0
T8_ARMOR_CLOTH_HELL,T8_ARTEFACT_ARMOR_CLOTH_HELL,1.0,0.0
T8_ARMOR_CLOTH_HELL@1,T8_CLOTH_LEVEL1@1,16.0,0.0
T8_ARMOR_CLOTH_HELL@1,T8_ARTEFACT_ARMOR_CLOTH_HELL,1.0,0.0
T8_ARMOR_CLOTH_HELL@2,T8_CLOTH_LEVEL2@2,16.0,0.0
T8_ARMOR_CLOTH_HELL@2,T8_ARTEFACT_ARMOR_CLOTH_HELL,1.0,0.0
T8_ARMOR_CLOTH_HELL@3,T8_CLOTH_LEVEL3@3,16.0,0.0
T8_ARMOR_CLOTH_HELL@3,T8_ARTEFACT_ARMOR_CLOTH_HELL,1.0,0.0
T8_ARMOR_CLOTH_HELL@4,T8_CLOTH_LEVEL4@4,16.0,0.0
T8_ARMOR_CLOTH_HELL@4,T8_ARTEFACT_ARMOR_CLOTH_HELL,1.0,0.0
T4_ARMOR_CLOTH_MORGANA,T4_CLOTH,16.0,0.0
T4_ARMOR_CLOTH_MORGANA,T4_ARTEFACT_ARMOR_CLOTH_MORGANA,1.0,0.0
T4_ARMOR_CLOTH_MORGANA@1,T4_CLOTH_LEVEL1@1,16.0,0.0
T4_ARMOR_CLOTH_MORGANA@1,T4_ARTEFACT_ARMOR_CLOTH_MORGANA,1.0,0.0
T4_ARMOR_CLOTH_MORGANA@2,T4_CLOTH_LEVEL2@2,16.0,0.0
T4_ARMOR_CLOTH_MORGANA@2,T4_ARTEFACT_ARMOR_CLOTH_MORGANA,1.0,0.0
T4_ARMOR_CLOTH_MORGANA@3,T4_CLOTH_LEVEL3@3,16.0,0.0
T4_ARMOR_CLOTH_MORGANA@3,T4_ARTEFACT_ARMOR_CLOTH_MORGANA,1.0,0.0
T4_ARMOR_CLOTH_MORGANA@4,T4_CLOTH_LEVEL4@4,16.0,0.0
T4_ARMOR_CLOTH_MORGANA@4,T4_ARTEFACT_ARMOR_CLOTH_MORGANA,1.0,0.0
T5_ARMOR_CLOTH_MORGANA,T5_CLOTH,16.0,0.0
T5_ARMOR_CLOTH_MORGANA,T5_ARTEFACT_ARMOR_CLOTH_MORGANA,1.0,0.0
T5_ARMOR_CLOTH_MORGANA@1,T5_CLOTH_LEVEL1@1,16.0,0.0
T5_ARMOR_CLOTH_MORGANA@1,T5_ARTEFACT_ARMOR_CLOTH_MORGANA,1.0,0.0
T5_ARMOR_CLOTH_MORGANA@2,T5_CLOTH_LEVEL2@2,16.0,0.0
T5_ARMOR_CLOTH_MORGANA@2,T5_ARTEFACT_ARMOR_CLOTH_MORGANA,1.0,0.0
T5_ARMOR_CLOTH_MORGANA@3,T5_CLOTH_LEVEL3@3,16.0,0.0
T5_ARMOR_CLOTH_MORGANA@3,T5_ARTEFACT_ARMOR_CLOTH_MORGANA,1.0,0.0
T5_ARMOR_CLOTH_MORGANA@4,T5_CLOTH_LEVEL4@4,16.0,0.0
T5_ARMOR_CLOTH_MORGANA@4,T5_ARTEFACT_ARMOR_CLOTH_MORGANA,1.0,0.0
T6_ARMOR_CLOTH_MORGANA,T6_CLOTH,16.0,0.0
T6_ARMOR_CLOTH_MORGANA,T6_ARTEFACT_ARMOR_CLOTH_MORGANA,1.0,0.0
T6_ARMOR_CLOTH_MORGANA@1,T6_CLOTH_LEVEL1@1,16.0,0.0
T6_ARMOR_CLOTH_MORGANA@1,T6_ARTEFACT_ARMOR_CLOTH_MORGANA,1.0,0.0
T6_ARMOR_CLOTH_MORGANA@2,T6_CLOTH_LEVEL2@2,16.0,0.0
T6_ARMOR_CLOTH_MORGANA@2,T6_ARTEFACT_ARMOR_CLOTH_MORGANA,1.0,0.0
T6_ARMOR_CLOTH_MORGANA@3,T6_CLOTH_LEVEL3@3,16.0,0.0
T6_ARMOR_CLOTH_MORGANA@3,T6_ARTEFACT_ARMOR_CLOTH_MORGANA,1.0,0.0
T6_ARMOR_CLOTH_MORGANA@4,T6_CLOTH_LEVEL4@4,16.0,0.0
T6_ARMOR_CLOTH_MORGANA@4,T6_ARTEFACT_ARMOR_CLOTH_MORGANA,1.0,0.0
T7_ARMOR_CLOTH_MORGANA,T7_CLOTH,16.0,0.0
T7_ARMOR_CLOTH_MORGANA,T7_ARTEFACT_ARMOR_CLOTH_MORGANA,1.0,0.0
T7_ARMOR_CLOTH_MORGANA@1,T7_CLOTH_LEVEL1@1,16.0,0.0
T7_ARMOR_CLOTH_MORGANA@1,T7_ARTEFACT_ARMOR_CLOTH_MORGANA,1.0,0.0
T7_ARMOR_CLOTH_MORGANA@2,T7_CLOTH_LEVEL2@2,16.0,0.0
T7_ARMOR_CLOTH_MORGANA@2,T7_ARTEFACT_ARMOR_CLOTH_MORGANA,1.0,0.0
T7_ARMOR_CLOTH_MORGANA@3,T7_CLOTH_LEVEL3@3,16.0,0.0
T7_ARMOR_CLOTH_MORGANA@3,T7_ARTEFACT_ARMOR_CLOTH_MORGANA,1.0,0.0
T7_ARMOR_CLOTH_MORGANA@4,T7_CLOTH_LEVEL4@4,16.0,0.0
T7_ARMOR_CLOTH_MORGANA@4,T7_ARTEFACT_ARMOR_CLOTH_MORGANA,1.0,0.0
T8_ARMOR_CLOTH_MORGANA,T8_CLOTH,16.0,0.0
T8_ARMOR_CLOTH_MORGANA,T8_ARTEFACT_ARMOR_CLOTH_MORGANA,1.0,0.0
T8_ARMOR_CLOTH_MORGANA@1,T8_CLOTH_LEVEL1@1,16.0,0.0
T8_ARMOR_CLOTH_MORGANA@1,T8_ARTEFACT_ARMOR_CLOTH_MORGANA,1.0,0.0
T8_ARMOR_CLOTH_MORGANA@2,T8_CLOTH_LEVEL2@2,16.0,0.0
T8_ARMOR_CLOTH_MORGANA@2,T8_ARTEFACT_ARMOR_CLOTH_MORGANA,1.0,0.0
T8_ARMOR_CLOTH_MORGANA@3,T8_CLOTH_LEVEL3@3,16.0,0.0
T8_ARMOR_CLOTH_MORGANA@3,T8_ARTEFACT_ARMOR_CLOTH_MORGANA,1.0,0.0
T8_ARMOR_CLOTH_MORGANA@4,T8_CLOTH_LEVEL4@4,16.0,0.0
T8_ARMOR_CLOTH_MORGANA@4,T8_ARTEFACT_ARMOR_CLOTH_MORGANA,1.0,0.0
T4_ARMOR_CLOTH_AVALON,T4_CLOTH,16.0,0.0
T4_ARMOR_CLOTH_AVALON,T4_ARTEFACT_ARMOR_CLOTH_AVALON,1.0,0.0
T4_ARMOR_CLOTH_AVALON@1,T4_CLOTH_LEVEL1@1,16.0,0.0
T4_ARMOR_CLOTH_AVALON@1,T4_ARTEFACT_ARMOR_CLOTH_AVALON,1.0,0.0
T4_ARMOR_CLOTH_AVALON@2,T4_CLOTH_LEVEL2@2,16.0,0.0
T4_ARMOR_CLOTH_AVALON@2,T4_ARTEFACT_ARMOR_CLOTH_AVALON,1.0,0.0
T4_ARMOR_CLOTH_AVALON@3,T4_CLOTH_LEVEL3@3,16.0,0.0
T4_ARMOR_CLOTH_AVALON@3,T4_ARTEFACT_ARMOR_CLOTH_AVALON,1.0,0.0
T4_ARMOR_CLOTH_AVALON@4,T4_CLOTH_LEVEL4@4,16.0,0.0
T4_ARMOR_CLOTH_AVALON@4,T4_ARTEFACT_ARMOR_CLOTH_AVALON,1.0,0.0
T5_ARMOR_CLOTH_AVALON,T5_CLOTH,16.0,0.0
T5_ARMOR_CLOTH_AVALON,T5_ARTEFACT_ARMOR_CLOTH_AVALON,1.0,0.0
T5_ARMOR_CLOTH_AVALON@1,T5_CLOTH_LEVEL1@1,16.0,0.0
T5_ARMOR_CLOTH_AVALON@1,T5_ARTEFACT_ARMOR_CLOTH_AVALON,1.0,0.0
T5_ARMOR_CLOTH_AVALON@2,T5_CLOTH_LEVEL2@2,16.0,0.0
T5_ARMOR_CLOTH_AVALON@2,T5_ARTEFACT_ARMOR_CLOTH_AVALON,1.0,0.0
T5_ARMOR_CLOTH_AVALON@3,T5_CLOTH_LEVEL3@3,16.0,0.0
T5_ARMOR_CLOTH_AVALON@3,T5_ARTEFACT_ARMOR_CLOTH_AVALON,1.0,0.0
T5_ARMOR_CLOTH_AVALON@4,T5_CLOTH_LEVEL4@4,16.0,0.0
T5_ARMOR_CLOTH_AVALON@4,T5_ARTEFACT_ARMOR_CLOTH_AVALON,1.0,0.0
T6_ARMOR_CLOTH_AVALON,T6_CLOTH,16.0,0.0
T6_ARMOR_CLOTH_AVALON,T6_ARTEFACT_ARMOR_CLOTH_AVALON,1.0,0.0
T6_ARMOR_CLOTH_AVALON@1,T6_CLOTH_LEVEL1@1,16.0,0.0
T6_ARMOR_CLOTH_AVALON@1,T6_ARTEFACT_ARMOR_CLOTH_AVALON,1.0,0.0
T6_ARMOR_CLOTH_AVALON@2,T6_CLOTH_LEVEL2@2,16.0,0.0
T6_ARMOR_CLOTH_AVALON@2,T6_ARTEFACT_ARMOR_CLOTH_AVALON,1.0,0.0
T6_ARMOR_CLOTH_AVALON@3,T6_CLOTH_LEVEL3@3,16.0,0.0
T6_ARMOR_CLOTH_AVALON@3,T6_ARTEFACT_ARMOR_CLOTH_AVALON,1.0,0.0
T6_ARMOR_CLOTH_AVALON@4,T6_CLOTH_LEVEL4@4,16.0,0.0
T6_ARMOR_CLOTH_AVALON@4,T6_ARTEFACT_ARMOR_CLOTH_AVALON,1.0,0.0
T7_ARMOR_CLOTH_AVALON,T7_CLOTH,16.0,0.0
T7_ARMOR_CLOTH_AVALON,T7_ARTEFACT_ARMOR_CLOTH_AVALON,1.0,0.0
T7_ARMOR_CLOTH_AVALON@1,T7_CLOTH_LEVEL1@1,16.0,0.0
T7_ARMOR_CLOTH_AVALON@1,T7_ARTEFACT_ARMOR_CLOTH_AVALON,1.0,0.0
T7_ARMOR_CLOTH_AVALON@2,T7_CLOTH_LEVEL2@2,16.0,0.0
T7_ARMOR_CLOTH_AVALON@2,T7_ARTEFACT_ARMOR_CLOTH_AVALON,1.0,0.0
T7_ARMOR_CLOTH_AVALON@3,T7_CLOTH_LEVEL3@3,16.0,0.0
T7_ARMOR_CLOTH_AVALON@3,T7_ARTEFACT_ARMOR_CLOTH_AVALON,1.0,0.0
T7_ARMOR_CLOTH_AVALON@4,T7_CLOTH_LEVEL4@4,16.0,0.0
T7_ARMOR_CLOTH_AVALON@4,T7_ARTEFACT_ARMOR_CLOTH_AVALON,1.0,0.0
T8_ARMOR_CLOTH_AVALON,T8_CLOTH,16.0,0.0
T8_ARMOR_CLOTH_AVALON,T8_ARTEFACT_ARMOR_CLOTH_AVALON,1.0,0.0
T8_ARMOR_CLOTH_AVALON@1,T8_CLOTH_LEVEL1@1,16.0,0.0
T8_ARMOR_CLOTH_AVALON@1,T8_ARTEFACT_ARMOR_CLOTH_AVALON,1.0,0.0
T8_ARMOR_CLOTH_AVALON@2,T8_CLOTH_LEVEL2@2,16.0,0.0
T8_ARMOR_CLOTH_AVALON@2,T8_ARTEFACT_ARMOR_CLOTH_AVALON,1.0,0.0
T8_ARMOR_CLOTH_AVALON@3,T8_CLOTH_LEVEL3@3,16.0,0.0
T8_ARMOR_CLOTH_AVALON@3,T8_ARTEFACT_ARMOR_CLOTH_AVALON,1.0,0.0
T8_ARMOR_CLOTH_AVALON@4,T8_CLOTH_LEVEL4@4,16.0,0.0
T8_ARMOR_CLOTH_AVALON@4,T8_ARTEFACT_ARMOR_CLOTH_AVALON,1.0,0.0
T4_ARMOR_CLOTH_FEY,T4_CLOTH,16.0,0.0
T4_ARMOR_CLOTH_FEY,T4_ARTEFACT_ARMOR_CLOTH_FEY,1.0,0.0
T4_ARMOR_CLOTH_FEY@1,T4_CLOTH_LEVEL1@1,16.0,0.0
T4_ARMOR_CLOTH_FEY@1,T4_ARTEFACT_ARMOR_CLOTH_FEY,1.0,0.0
T4_ARMOR_CLOTH_FEY@2,T4_CLOTH_LEVEL2@2,16.0,0.0
T4_ARMOR_CLOTH_FEY@2,T4_ARTEFACT_ARMOR_CLOTH_FEY,1.0,0.0
T4_ARMOR_CLOTH_FEY@3,T4_CLOTH_LEVEL3@3,16.0,0.0
T4_ARMOR_CLOTH_FEY@3,T4_ARTEFACT_ARMOR_CLOTH_FEY,1.0,0.0
T4_ARMOR_CLOTH_FEY@4,T4_CLOTH_LEVEL4@4,16.0,0.0
T4_ARMOR_CLOTH_FEY@4,T4_ARTEFACT_ARMOR_CLOTH_FEY,1.0,0.0
T5_ARMOR_CLOTH_FEY,T5_CLOTH,16.0,0.0
T5_ARMOR_CLOTH_FEY,T5_ARTEFACT_ARMOR_CLOTH_FEY,1.0,0.0
T5_ARMOR_CLOTH_FEY@1,T5_CLOTH_LEVEL1@1,16.0,0.0
T5_ARMOR_CLOTH_FEY@1,T5_ARTEFACT_ARMOR_CLOTH_FEY,1.0,0.0
T5_ARMOR_CLOTH_FEY@2,T5_CLOTH_LEVEL2@2,16.0,0.0
T5_ARMOR_CLOTH_FEY@2,T5_ARTEFACT_ARMOR_CLOTH_FEY,1.0,0.0
T5_ARMOR_CLOTH_FEY@3,T5_CLOTH_LEVEL3@3,16.0,0.0
T5_ARMOR_CLOTH_FEY@3,T5_ARTEFACT_ARMOR_CLOTH_FEY,1.0,0.0
T5_ARMOR_CLOTH_FEY@4,T5_CLOTH_LEVEL4@4,16.0,0.0
T5_ARMOR_CLOTH_FEY@4,T5_ARTEFACT_ARMOR_CLOTH_FEY,1.0,0.0
T6_ARMOR_CLOTH_FEY,T6_CLOTH,16.0,0.0
T6_ARMOR_CLOTH_FEY,T6_ARTEFACT_ARMOR_CLOTH_FEY,1.0,0.0
T6_ARMOR_CLOTH_FEY@1,T6_CLOTH_LEVEL1@1,16.0,0.0
T6_ARMOR_CLOTH_FEY@1,T6_ARTEFACT_ARMOR_CLOTH_FEY,1.0,0.0
T6_ARMOR_CLOTH_FEY@2,T6_CLOTH_LEVEL2@2,16.0,0.0
T6_ARMOR_CLOTH_FEY@2,T6_ARTEFACT_ARMOR_CLOTH_FEY,1.0,0.0
T6_ARMOR_CLOTH_FEY@3,T6_CLOTH_LEVEL3@3,16.0,0.0
T6_ARMOR_CLOTH_FEY@3,T6_ARTEFACT_ARMOR_CLOTH_FEY,1.0,0.0
T6_ARMOR_CLOTH_FEY@4,T6_CLOTH_LEVEL4@4,16.0,0.0
T6_ARMOR_CLOTH_FEY@4,T6_ARTEFACT_ARMOR_CLOTH_FEY,1.0,0.0
T7_ARMOR_CLOTH_FEY,T7_CLOTH,16.0,0.0
T7_ARMOR_CLOTH_FEY,T7_ARTEFACT_ARMOR_CLOTH_FEY,1.0,0.0
T7_ARMOR_CLOTH_FEY@1,T7_CLOTH_LEVEL1@1,16.0,0.0
T7_ARMOR_CLOTH_FEY@1,T7_ARTEFACT_ARMOR_CLOTH_FEY,1.0,0.0
T7_ARMOR_CLOTH_FEY@2,T7_CLOTH_LEVEL2@2,16.0,0.0
T7_ARMOR_CLOTH_FEY@2,T7_ARTEFACT_ARMOR_CLOTH_FEY,1.0,0.0
T7_ARMOR_CLOTH_FEY@3,T7_CLOTH_LEVEL3@3,16.0,0.0
T7_ARMOR_CLOTH_FEY@3,T7_ARTEFACT_ARMOR_CLOTH_FEY,1.0,0.0
T7_ARMOR_CLOTH_FEY@4,T7_CLOTH_LEVEL4@4,16.0,0.0
T7_ARMOR_CLOTH_FEY@4,T7_ARTEFACT_ARMOR_CLOTH_FEY,1.0,0.0
T8_ARMOR_CLOTH_FEY,T8_CLOTH,16.0,0.0
T8_ARMOR_CLOTH_FEY,T8_ARTEFACT_ARMOR_CLOTH_FEY,1.0,0.0
T8_ARMOR_CLOTH_FEY@1,T8_CLOTH_LEVEL1@1,16.0,0.0
T8_ARMOR_CLOTH_FEY@1,T8_ARTEFACT_ARMOR_CLOTH_FEY,1.0,0.0
T8_ARMOR_CLOTH_FEY@2,T8_CLOTH_LEVEL2@2,16.0,0.0
T8_ARMOR_CLOTH_FEY@2,T8_ARTEFACT_ARMOR_CLOTH_FEY,1.0,0.0
T8_ARMOR_CLOTH_FEY@3,T8_CLOTH_LEVEL3@3,16.0,0.0
T8_ARMOR_CLOTH_FEY@3,T8_ARTEFACT_ARMOR_CLOTH_FEY,1.0,0.0
T8_ARMOR_CLOTH_FEY@4,T8_CLOTH_LEVEL4@4,16.0,0.0
T8_ARMOR_CLOTH_FEY@4,T8_ARTEFACT_ARMOR_CLOTH_FEY,1.0,0.0
